﻿<?xml version="1.0" encoding="utf-8" ?>
<c2eventsheet>
    <!--All the 'name' attributes are ignored by Construct 2 - they are there for readability only.-->
    <name>Fin bueno</name>
    <events>
        <event-block sid="371392278353141">
            <conditions>
                <condition id="0" name="On clicked" sid="541540791713261" type="Inicio" />
            </conditions>
            <actions>
                <action id="-2" name="Go to layout" sid="491801445182530" type="System">
                    <param id="0" name="Layout">Juego</param>
                </action>
            </actions>
        </event-block>
    </events>
</c2eventsheet>
