﻿<?xml version="1.0" encoding="utf-8" ?>
<c2eventsheet>
    <!--All the 'name' attributes are ignored by Construct 2 - they are there for readability only.-->
    <name>Event sheet 1</name>
    <events>
        <variable constant="0" name="WAVETWO" sid="252832398704928" static="0" type="number">5</variable>
        <variable constant="0" name="WAVEONE" sid="876557883685534" static="0" type="number">5</variable>
        <event-block sid="723913133315535">
            <conditions>
                <condition id="-1" name="Every tick" sid="460996502751566" type="System" />
            </conditions>
            <actions>
                <action id="-22" name="Set angle toward position" sid="460110428160759" type="Heroe">
                    <param id="0" name="X">Mouse.X</param>
                    <param id="1" name="Y">Mouse.Y</param>
                </action>
            </actions>
        </event-block>
        <event-block sid="927738704917328">
            <conditions>
                <condition id="0" name="On click" sid="895328709377880" type="Mouse">
                    <param id="0" name="Mouse button">0</param>
                    <param id="1" name="Click type">0</param>
                </condition>
            </conditions>
            <actions>
                <action id="0" name="Spawn another object" sid="338026064878017" type="Heroe">
                    <param id="0" name="Object">Bala</param>
                    <param id="1" name="Layer">2</param>
                    <param id="2" name="Image point">1</param>
                </action>
            </actions>
        </event-block>
        <event-block sid="113703658990474">
            <conditions>
                <condition id="-1" name="Every tick" sid="981261402280312" type="System" />
            </conditions>
            <actions>
                <action id="-22" name="Set angle toward position" sid="402686997285164" type="Zombie1">
                    <param id="0" name="X">Heroe.X</param>
                    <param id="1" name="Y">Heroe.Y</param>
                </action>
            </actions>
        </event-block>
        <event-block sid="130759247638245">
            <conditions>
                <condition id="-8" name="Compare two values" sid="249781529878258" type="System">
                    <param id="0" name="First value">distance(Zombie1.X,Zombie1.Y,Heroe.X,Heroe.Y)</param>
                    <param id="1" name="Comparison">4</param>
                    <param id="2" name="Second value">50</param>
                </condition>
            </conditions>
            <actions />
            <sub-events>
                <event-block sid="429241432928187">
                    <conditions>
                        <condition behavior="LineOfSight" id="0" name="Has LOS to object" sid="558080069348734" type="Zombie1">
                            <param id="0" name="Object">Heroe</param>
                        </condition>
                    </conditions>
                    <actions />
                    <sub-events>
                        <event-block sid="514765484912985">
                            <conditions>
                                <condition id="-1" name="Compare X" sid="498342975780890" type="Zombie1">
                                    <param id="0" name="Comparison">4</param>
                                    <param id="1" name="X co-ordinate">Heroe.X</param>
                                </condition>
                            </conditions>
                            <actions>
                                <action behavior="8Direction" id="7" name="Simulate control" sid="156570201823826" type="Zombie1">
                                    <param id="0" name="Control">0</param>
                                </action>
                            </actions>
                        </event-block>
                        <event-block sid="956556117952586">
                            <conditions>
                                <condition id="-1" name="Compare X" sid="230586125155650" type="Zombie1">
                                    <param id="0" name="Comparison">2</param>
                                    <param id="1" name="X co-ordinate">Heroe.X</param>
                                </condition>
                            </conditions>
                            <actions>
                                <action behavior="8Direction" id="7" name="Simulate control" sid="159782903019587" type="Zombie1">
                                    <param id="0" name="Control">1</param>
                                </action>
                            </actions>
                        </event-block>
                        <event-block sid="594716928643512">
                            <conditions>
                                <condition id="-2" name="Compare Y" sid="964982304736692" type="Zombie1">
                                    <param id="0" name="Comparison">4</param>
                                    <param id="1" name="Y co-ordinate">Heroe.Y</param>
                                </condition>
                            </conditions>
                            <actions>
                                <action behavior="8Direction" id="7" name="Simulate control" sid="120607800565956" type="Zombie1">
                                    <param id="0" name="Control">2</param>
                                </action>
                            </actions>
                        </event-block>
                        <event-block sid="106119546942983">
                            <conditions>
                                <condition id="-2" name="Compare Y" sid="500305608901788" type="Zombie1">
                                    <param id="0" name="Comparison">2</param>
                                    <param id="1" name="Y co-ordinate">Heroe.Y</param>
                                </condition>
                            </conditions>
                            <actions>
                                <action behavior="8Direction" id="7" name="Simulate control" sid="875417519346952" type="Zombie1">
                                    <param id="0" name="Control">3</param>
                                </action>
                            </actions>
                        </event-block>
                    </sub-events>
                </event-block>
            </sub-events>
        </event-block>
        <event-block sid="489627004133959">
            <conditions>
                <condition id="0" name="On collision with another object" sid="916459690297525" type="Bala">
                    <param id="0" name="Object">Zombie1</param>
                </condition>
            </conditions>
            <actions>
                <action id="-11" name="Add to" sid="133630612706833" type="Zombie1">
                    <param id="0" name="Instance variable">Healt</param>
                    <param id="1" name="Value">-1</param>
                </action>
                <action id="0" name="Spawn another object" sid="569073298895150" type="Zombie1">
                    <param id="0" name="Object">Sangre</param>
                    <param id="1" name="Layer">2</param>
                    <param id="2" name="Image point">0</param>
                </action>
                <action behavior="8Direction" id="1" name="Reverse" sid="318520467172279" type="Zombie1" />
            </actions>
        </event-block>
        <event-block sid="437799758947601">
            <conditions>
                <condition id="-7" name="Compare instance variable" sid="672229356956567" type="Zombie1">
                    <param id="0" name="Instance variable">Healt</param>
                    <param id="1" name="Comparison">0</param>
                    <param id="2" name="Value">0</param>
                </condition>
            </conditions>
            <actions>
                <action id="-9" name="Destroy" sid="998579716859678" type="Zombie1" />
            </actions>
        </event-block>
        <event-block sid="921449669307504">
            <conditions>
                <condition id="-14" name="Compare variable" sid="643097836102621" type="System">
                    <param id="0" name="Variable">WAVEONE</param>
                    <param id="1" name="Comparison">4</param>
                    <param id="2" name="Value">0</param>
                </condition>
                <condition id="-6" name="Every X seconds" sid="996098534044345" type="System">
                    <param id="0" name="Interval (seconds)">0.5</param>
                </condition>
            </conditions>
            <actions>
                <action id="-3" name="Create object" sid="616124684628229" type="System">
                    <param id="0" name="Object to create">Zombie1</param>
                    <param id="1" name="Layer">2</param>
                    <param id="2" name="X">670</param>
                    <param id="3" name="Y">400</param>
                </action>
                <action id="-10" name="Add to" sid="813735300333199" type="System">
                    <param id="0" name="Variable">WAVEONE</param>
                    <param id="1" name="Value">-1</param>
                </action>
            </actions>
        </event-block>
        <event-block sid="507680211863298">
            <conditions>
                <condition id="-1" name="Every tick" sid="411900234615100" type="System" />
            </conditions>
            <actions>
                <action id="-22" name="Set angle toward position" sid="935488566567893" type="Zombie3">
                    <param id="0" name="X">Heroe.X</param>
                    <param id="1" name="Y">Heroe.Y</param>
                </action>
            </actions>
        </event-block>
        <event-block sid="894846932843778">
            <conditions>
                <condition id="-8" name="Compare two values" sid="526412710440298" type="System">
                    <param id="0" name="First value">distance(Zombie3.X,Zombie3.Y,Heroe.X,Heroe.Y)</param>
                    <param id="1" name="Comparison">4</param>
                    <param id="2" name="Second value">50</param>
                </condition>
            </conditions>
            <actions />
            <sub-events>
                <event-block sid="945539082319012">
                    <conditions>
                        <condition behavior="LineOfSight" id="0" name="Has LOS to object" sid="381816363190291" type="Zombie3">
                            <param id="0" name="Object">Heroe</param>
                        </condition>
                    </conditions>
                    <actions />
                    <sub-events>
                        <event-block sid="583811009868648">
                            <conditions>
                                <condition id="-1" name="Compare X" sid="155808556146045" type="Zombie3">
                                    <param id="0" name="Comparison">4</param>
                                    <param id="1" name="X co-ordinate">Heroe.X</param>
                                </condition>
                            </conditions>
                            <actions>
                                <action behavior="8Direction" id="7" name="Simulate control" sid="557056305995612" type="Zombie3">
                                    <param id="0" name="Control">0</param>
                                </action>
                            </actions>
                        </event-block>
                        <event-block sid="634800060283406">
                            <conditions>
                                <condition id="-1" name="Compare X" sid="124117101974033" type="Zombie3">
                                    <param id="0" name="Comparison">2</param>
                                    <param id="1" name="X co-ordinate">Heroe.X</param>
                                </condition>
                            </conditions>
                            <actions>
                                <action behavior="8Direction" id="7" name="Simulate control" sid="277148866957891" type="Zombie3">
                                    <param id="0" name="Control">1</param>
                                </action>
                            </actions>
                        </event-block>
                        <event-block sid="140341506045875">
                            <conditions>
                                <condition id="-2" name="Compare Y" sid="390609594591136" type="Zombie3">
                                    <param id="0" name="Comparison">2</param>
                                    <param id="1" name="Y co-ordinate">Heroe.Y</param>
                                </condition>
                            </conditions>
                            <actions>
                                <action behavior="8Direction" id="7" name="Simulate control" sid="835770748925823" type="Zombie3">
                                    <param id="0" name="Control">2</param>
                                </action>
                            </actions>
                        </event-block>
                        <event-block sid="814326459092811">
                            <conditions>
                                <condition id="-2" name="Compare Y" sid="191337815326219" type="Zombie3">
                                    <param id="0" name="Comparison">4</param>
                                    <param id="1" name="Y co-ordinate">Heroe.Y</param>
                                </condition>
                            </conditions>
                            <actions>
                                <action behavior="8Direction" id="7" name="Simulate control" sid="873577595958324" type="Zombie3">
                                    <param id="0" name="Control">3</param>
                                </action>
                            </actions>
                        </event-block>
                    </sub-events>
                </event-block>
            </sub-events>
        </event-block>
        <event-block sid="679991929717024">
            <conditions>
                <condition id="0" name="On collision with another object" sid="176692283080142" type="Bala">
                    <param id="0" name="Object">Zombie3</param>
                </condition>
            </conditions>
            <actions>
                <action id="-11" name="Add to" sid="400821780422139" type="Zombie3">
                    <param id="0" name="Instance variable">HEALT</param>
                    <param id="1" name="Value">-1</param>
                </action>
                <action id="0" name="Spawn another object" sid="880097818786213" type="Zombie3">
                    <param id="0" name="Object">Sangre</param>
                    <param id="1" name="Layer">2</param>
                    <param id="2" name="Image point">0</param>
                </action>
                <action behavior="8Direction" id="1" name="Reverse" sid="220615144219658" type="Zombie3" />
            </actions>
        </event-block>
        <event-block sid="113045595584553">
            <conditions>
                <condition id="-7" name="Compare instance variable" sid="326492700553094" type="Zombie1">
                    <param id="0" name="Instance variable">Healt</param>
                    <param id="1" name="Comparison">0</param>
                    <param id="2" name="Value">0</param>
                </condition>
            </conditions>
            <actions>
                <action id="-9" name="Destroy" sid="602572721784001" type="Zombie3" />
            </actions>
        </event-block>
        <event-block sid="712311590358672">
            <conditions>
                <condition id="-2" name="On start of layout" sid="317124974470838" type="System" />
            </conditions>
            <actions>
                <action id="0" name="Play" sid="228418820670544" type="musica">
                    <param id="0" name="Audio file">ambientmain_0</param>
                    <param id="2" name="Loop">1</param>
                    <param id="3" name="Volume">-5</param>
                    <param id="1" name="Tag (optional)">&quot;&quot;</param>
                </action>
            </actions>
        </event-block>
        <event-block sid="687925048275384">
            <conditions>
                <condition id="-19" name="On destroyed" sid="343227780488410" type="Zombie1" />
            </conditions>
            <actions>
                <action id="0" name="Play" sid="484708333503153" type="musica">
                    <param id="0" name="Audio file">zombie-1</param>
                    <param id="2" name="Loop">0</param>
                    <param id="3" name="Volume">0</param>
                    <param id="1" name="Tag (optional)">&quot;&quot;</param>
                </action>
            </actions>
        </event-block>
        <event-block sid="671062870018928">
            <conditions>
                <condition id="0" name="On click" sid="148113519580332" type="Mouse">
                    <param id="0" name="Mouse button">0</param>
                    <param id="1" name="Click type">0</param>
                </condition>
            </conditions>
            <actions>
                <action id="0" name="Play" sid="970264934724579" type="musica">
                    <param id="0" name="Audio file">disparo_municion1</param>
                    <param id="2" name="Loop">0</param>
                    <param id="3" name="Volume">-20</param>
                    <param id="1" name="Tag (optional)">&quot;&quot;</param>
                </action>
            </actions>
        </event-block>
        <event-block sid="435137409895704">
            <conditions>
                <condition id="0" name="On collision with another object" sid="752288249033507" type="Zombie1">
                    <param id="0" name="Object">Bala</param>
                </condition>
            </conditions>
            <actions>
                <action id="0" name="Play" sid="409790574167678" type="musica">
                    <param id="0" name="Audio file">qubodupPunch02</param>
                    <param id="2" name="Loop">0</param>
                    <param id="3" name="Volume">-10</param>
                    <param id="1" name="Tag (optional)">&quot;&quot;</param>
                </action>
            </actions>
        </event-block>
    </events>
</c2eventsheet>
