﻿<?xml version="1.0" encoding="utf-8" ?>
<c2eventsheet>
    <!--All the 'name' attributes are ignored by Construct 2 - they are there for readability only.-->
    <name>Fin malo</name>
    <events>
        <event-block sid="291286501955281">
            <conditions>
                <condition id="0" name="On clicked" sid="947341839334859" type="Reintentar" />
            </conditions>
            <actions>
                <action id="-25" name="Go to layout (by name)" sid="677492887175068" type="System">
                    <param id="0" name="Layout">&quot;Juego&quot;</param>
                </action>
            </actions>
        </event-block>
    </events>
</c2eventsheet>
