﻿<?xml version="1.0" encoding="utf-8" ?>
<c2eventsheet>
    <!--All the 'name' attributes are ignored by Construct 2 - they are there for readability only.-->
    <name>Inicio</name>
    <events>
        <event-block sid="403444558723551">
            <conditions>
                <condition id="0" name="On clicked" sid="174457344697649" type="Inicio" />
            </conditions>
            <actions>
                <action id="-25" name="Go to layout (by name)" sid="430430341611008" type="System">
                    <param id="0" name="Layout">&quot;Juego&quot;</param>
                </action>
            </actions>
        </event-block>
    </events>
</c2eventsheet>
